<?xml version='1.0' encoding='UTF-8' ?>
<timeLogEntries>
  <time id="1" path="/Non Project/PSP Training/Program 1/Design" start="@1705947359000" delta="2" />
  <time id="2" path="/Non Project/PSP Training/Program 1/Design" start="@1705961944000" delta="21" />
  <time id="3" path="/Non Project/PSP Training/Program 1/Design" start="@1705976254922" delta="13" />
  <time id="4" path="/Non Project/PSP Training/Program 1/Code" start="@1705977006000" delta="35" interrupt="2" />
  <time id="5" path="/Non Project/PSP Training/Program 1/Test" start="@1705979510000" delta="5" />
  <time id="6" path="/Non Project/PSP Training/Program 1/Planning" start="@1705947059000" delta="5" />
  <time id="7" path="/Non Project/PSP Training/Program 1/Postmortem" start="@1706044859316" delta="20" />
  <time id="8" path="/Non Project/PSP Training/Program 1/Compile" start="@1705979210000" delta="5" />
  <time id="9" path="/Non Project/PSP Training/Program 2/Planning" start="@1707164174231" delta="3" />
  <time id="10" path="/Non Project/PSP Training/Program 2/Planning" start="@1707167115360" delta="14" />
  <time id="11" path="/Non Project/PSP Training/Program 2/Planning" start="@1707168834418" delta="5" />
  <time id="12" path="/Non Project/PSP Training/Program 2/Planning" start="@1707170884000" delta="7" />
  <time id="13" path="/Non Project/PSP Training/Program 2/Design" start="@1707171293406" delta="30" />
  <time id="14" path="/Non Project/PSP Training/Program 2/Design" start="@1707190104327" delta="2" />
  <time id="15" path="/Non Project/PSP Training/Program 2/Design" start="@1707192176546" delta="30" />
  <time id="16" path="/Non Project/PSP Training/Program 2/Code" start="@1707195161379" delta="1" interrupt="5" />
  <time id="17" path="/Non Project/PSP Training/Program 2/Code" start="@1707195702875" delta="20" interrupt="3" />
  <time id="18" path="/Non Project/PSP Training/Program 2/Code" start="@1707197274000" delta="31" interrupt="2" />
  <time id="19" path="/Non Project/PSP Training/Program 2/Code" start="@1707200805183" delta="46" interrupt="4" />
  <time id="20" path="/Non Project/PSP Training/Program 2/Compile" start="@1707203836423" delta="46" interrupt="6" />
  <time id="21" path="/Non Project/PSP Training/Program 2/Compile" start="@1707235289212" delta="3" />
  <time id="22" path="/Non Project/PSP Training/Program 2/Compile" start="@1707235968254" delta="41" />
  <time id="23" path="/Non Project/PSP Training/Program 2/Test" start="@1707238433306" delta="16" interrupt="5" />
  <time id="25" path="/Non Project/PSP Training/Program 2/Test" start="@1707239889993" delta="8" />
  <time id="26" path="/Non Project/PSP Training/Program 2/Postmortem" start="@1707240364715" delta="22" />
  <time id="28" path="/Non Project/PSP Training/Program 2/Postmortem" start="@1707241725008" delta="5" />
  <time id="29" path="/Non Project/PSP Training/Program 2/Postmortem" start="@1707246071998" delta="6" />
  <time id="30" path="/Non Project/PSP Training/Program 2/Postmortem" start="@1707247589428" delta="10" />
  <time id="31" path="/Non Project/PSP Training/Program 2/Postmortem" start="@1707249578000" delta="7" />
  <time id="32" path="/Non Project/PSP Training/Program 2/Postmortem" start="@1707250042983" delta="10" />
  <time id="33" path="/Non Project/PSP Training/Program 2/Postmortem" start="@1707251799582" delta="3" />
</timeLogEntries>
