<?xml version='1.0' encoding='UTF-8' ?>
<timeLogEntries>
  <time id="1" path="/Non Project/PSP Training/Program 1/Design" start="@1705947359000" delta="2" />
  <time id="2" path="/Non Project/PSP Training/Program 1/Design" start="@1705961944000" delta="21" />
  <time id="3" path="/Non Project/PSP Training/Program 1/Design" start="@1705976254922" delta="13" />
  <time id="4" path="/Non Project/PSP Training/Program 1/Code" start="@1705977006000" delta="35" interrupt="2" />
  <time id="5" path="/Non Project/PSP Training/Program 1/Test" start="@1705979510000" delta="5" />
  <time id="6" path="/Non Project/PSP Training/Program 1/Planning" start="@1705947059000" delta="5" />
  <time id="7" path="/Non Project/PSP Training/Program 1/Postmortem" start="@1706044859316" delta="20" />
  <time id="8" path="/Non Project/PSP Training/Program 1/Compile" start="@1705979210000" delta="5" />
</timeLogEntries>
