<?xml version='1.0' encoding='UTF-8' ?>
<timeLogEntries>
  <time id="34" path="/Non Project/PSP Training/Program 3/Planning" start="@1708300059114" delta="17" interrupt="4" flag="A" />
  <time id="35" path="/Non Project/PSP Training/Program 3/Design" start="@1708308170000" delta="7" flag="A" />
  <time id="36" path="/Non Project/PSP Training/Program 3/Design" start="@1708308959634" delta="7" flag="A" />
  <time id="37" path="/Non Project/PSP Training/Program 3/Design" start="@1708310907592" delta="12" interrupt="1" flag="A" />
  <time id="38" path="/Non Project/PSP Training/Program 3/Design" start="@1708313520684" delta="2" flag="A" />
  <time id="39" path="/Non Project/PSP Training/Program 3/Design Review" start="@1708313796884" delta="1" flag="A" />
  <time id="40" path="/Non Project/PSP Training/Program 3/Design Review" start="@1708314621779" delta="4" flag="A" />
  <time id="41" path="/Non Project/PSP Training/Program 3/Code" start="@1708314862954" delta="19" interrupt="2" flag="A" />
  <time id="42" path="/Non Project/PSP Training/Program 3/Code" start="@1708316563841" delta="18" interrupt="5" flag="A" />
  <time id="43" path="/Non Project/PSP Training/Program 3/Code" start="@1708318060898" delta="5" interrupt="5" flag="A" />
  <time id="44" path="/Non Project/PSP Training/Program 3/Code" start="@1708320484156" delta="2" flag="A" />
  <time id="45" path="/Non Project/PSP Training/Program 3/Code Review" start="@1708320636622" delta="3" flag="A" />
  <time id="46" path="/Non Project/PSP Training/Program 3/Code Review" start="@1708322467162" delta="1" flag="A" />
  <time id="47" path="/Non Project/PSP Training/Program 3/Code Review" start="@1708322594342" delta="5" flag="A" />
  <time id="48" path="/Non Project/PSP Training/Program 3/Compile" start="@1708322880310" delta="3" flag="A" />
  <time id="49" path="/Non Project/PSP Training/Program 3/Compile" start="@1708323913703" delta="4" flag="A" />
  <time id="50" path="/Non Project/PSP Training/Program 3/Test" start="@1708325837297" delta="2" flag="A" />
  <time id="51" path="/Non Project/PSP Training/Program 3/Test" start="@1708397992899" delta="11" flag="A" />
  <time id="52" path="/Non Project/PSP Training/Program 3/Postmortem" start="@1708402973872" delta="6" flag="A" />
  <time id="53" path="/Non Project/PSP Training/Program 3/Postmortem" start="@1708557463584" delta="20" flag="A" />
  <time id="54" path="/Non Project/PSP Training/Program 3/Postmortem" start="@1708625123810" delta="4" interrupt="4" flag="A" />
</timeLogEntries>
